<?xml version="1.0" encoding="UTF-8"?><MD_Metadata xmlns:gts="http://www.isotc211.org/2005/gts" xmlns:gco="http://www.isotc211.org/2005/gco" xmlns:xalan="http://xml.apache.org/xalan" xmlns:srv="http://www.isotc211.org/2005/srv" xmlns:gmx="http://www.isotc211.org/2005/gmx" xmlns:xlink="http://www.w3.org/1999/xlink" xmlns:xsi="http://www.w3.org/2001/XMLSchema-instance" xmlns:gml="http://www.opengis.net/gml" xmlns="http://www.isotc211.org/2005/gmd">
    <characterSet>
        <MD_CharacterSetCode codeList="http://www.isotc211.org/2005/resources/Codelist/gmxCodelists.xml#MD_CharacterSetCode" codeListValue="utf8" codeSpace="ISOTC211/19115">utf8</MD_CharacterSetCode>
    </characterSet>
    <hierarchyLevel>
        <MD_ScopeCode codeList="http://www.isotc211.org/2005/resources/Codelist/gmxCodelists.xml#MD_ScopeCode" codeListValue="dataset" codeSpace="ISOTC211/19115">dataset</MD_ScopeCode>
    </hierarchyLevel>
    <hierarchyLevelName>
        <gco:CharacterString>dataset</gco:CharacterString>
    </hierarchyLevelName>
    <contact gco:nilReason="missing"/>
    <dateStamp gco:nilReason="missing"/>
    <metadataStandardName>
        <gco:CharacterString>ISO 19139 Geographic Information - Metadata - Implementation Specification</gco:CharacterString>
    </metadataStandardName>
    <metadataStandardVersion>
        <gco:CharacterString>2007</gco:CharacterString>
    </metadataStandardVersion>
    <identificationInfo>
        <MD_DataIdentification>
            <citation gco:nilReason="missing"/>
            <abstract>
                <gco:CharacterString>Der Service stellt die administrativen Gemeindegrenzen zum Stand 01. Januar 2021 im Maßstab 1:250.000 zur Verfügung.  Der Datenbestand entspricht den Georeferenzdaten VG250-Ebenen des BKG Bundesamtes für Kartographie und Geodäsie auf Ebene Gemeinde (GEM).VG250 Datensatzbeschreibung des BKGFür Analysezwecke verwenden Sie die Layer Gemeindegrenzen 2021</gco:CharacterString>
            </abstract>
            <purpose>
                <gco:CharacterString>Die amtlichen Gemeindegrenzen Deutschlands, original vom BKG (VG250). Stand: 01.01.2021</gco:CharacterString>
            </purpose>
            <credit>
                <gco:CharacterString>© GeoBasis-DE / BKG 2021</gco:CharacterString>
            </credit>
            <descriptiveKeywords>
                <MD_Keywords>
                    <keyword>
                        <gco:CharacterString>VG250</gco:CharacterString>
                    </keyword>
                    <keyword>
                        <gco:CharacterString>DE</gco:CharacterString>
                    </keyword>
                    <keyword>
                        <gco:CharacterString>Deutschland</gco:CharacterString>
                    </keyword>
                    <keyword>
                        <gco:CharacterString>Germany</gco:CharacterString>
                    </keyword>
                    <keyword>
                        <gco:CharacterString>Verwaltungsgebiete</gco:CharacterString>
                    </keyword>
                    <keyword>
                        <gco:CharacterString>Open Data</gco:CharacterString>
                    </keyword>
                    <keyword>
                        <gco:CharacterString>GeoBasis</gco:CharacterString>
                    </keyword>
                    <keyword>
                        <gco:CharacterString>Grenzen</gco:CharacterString>
                    </keyword>
                    <keyword>
                        <gco:CharacterString>boundaries</gco:CharacterString>
                    </keyword>
                    <keyword>
                        <gco:CharacterString>BKG</gco:CharacterString>
                    </keyword>
                    <keyword>
                        <gco:CharacterString>Gemeinde</gco:CharacterString>
                    </keyword>
                    <keyword>
                        <gco:CharacterString>Gemeindergrenzen</gco:CharacterString>
                    </keyword>
                    <keyword>
                        <gco:CharacterString>2021</gco:CharacterString>
                    </keyword>
                </MD_Keywords>
            </descriptiveKeywords>
            <descriptiveKeywords>
                <MD_Keywords>
                    <keyword>
                        <gco:CharacterString>VG250</gco:CharacterString>
                    </keyword>
                    <keyword>
                        <gco:CharacterString>DE</gco:CharacterString>
                    </keyword>
                    <keyword>
                        <gco:CharacterString>Deutschland</gco:CharacterString>
                    </keyword>
                    <keyword>
                        <gco:CharacterString>Germany</gco:CharacterString>
                    </keyword>
                    <keyword>
                        <gco:CharacterString>Verwaltungsgebiete</gco:CharacterString>
                    </keyword>
                    <keyword>
                        <gco:CharacterString>Open Data</gco:CharacterString>
                    </keyword>
                    <keyword>
                        <gco:CharacterString>GeoBasis</gco:CharacterString>
                    </keyword>
                    <keyword>
                        <gco:CharacterString>Grenzen</gco:CharacterString>
                    </keyword>
                    <keyword>
                        <gco:CharacterString>boundaries</gco:CharacterString>
                    </keyword>
                    <keyword>
                        <gco:CharacterString>BKG</gco:CharacterString>
                    </keyword>
                    <keyword>
                        <gco:CharacterString>Gemeinde</gco:CharacterString>
                    </keyword>
                    <keyword>
                        <gco:CharacterString>Gemeindergrenzen</gco:CharacterString>
                    </keyword>
                    <keyword>
                        <gco:CharacterString>2021</gco:CharacterString>
                    </keyword>
                </MD_Keywords>
            </descriptiveKeywords>
            <descriptiveKeywords>
                <MD_Keywords>
                    <keyword>
                        <gco:CharacterString>VG250</gco:CharacterString>
                    </keyword>
                    <keyword>
                        <gco:CharacterString>DE</gco:CharacterString>
                    </keyword>
                    <keyword>
                        <gco:CharacterString>Deutschland</gco:CharacterString>
                    </keyword>
                    <keyword>
                        <gco:CharacterString>Germany</gco:CharacterString>
                    </keyword>
                    <keyword>
                        <gco:CharacterString>Verwaltungsgebiete</gco:CharacterString>
                    </keyword>
                    <keyword>
                        <gco:CharacterString>Open Data</gco:CharacterString>
                    </keyword>
                    <keyword>
                        <gco:CharacterString>GeoBasis</gco:CharacterString>
                    </keyword>
                    <keyword>
                        <gco:CharacterString>Grenzen</gco:CharacterString>
                    </keyword>
                    <keyword>
                        <gco:CharacterString>boundaries</gco:CharacterString>
                    </keyword>
                    <keyword>
                        <gco:CharacterString>BKG</gco:CharacterString>
                    </keyword>
                    <keyword>
                        <gco:CharacterString>Gemeinde</gco:CharacterString>
                    </keyword>
                    <keyword>
                        <gco:CharacterString>Gemeindergrenzen</gco:CharacterString>
                    </keyword>
                    <keyword>
                        <gco:CharacterString>2021</gco:CharacterString>
                    </keyword>
                </MD_Keywords>
            </descriptiveKeywords>
            <descriptiveKeywords>
                <MD_Keywords>
                    <keyword>
                        <gco:CharacterString>VG250</gco:CharacterString>
                    </keyword>
                    <keyword>
                        <gco:CharacterString>DE</gco:CharacterString>
                    </keyword>
                    <keyword>
                        <gco:CharacterString>Deutschland</gco:CharacterString>
                    </keyword>
                    <keyword>
                        <gco:CharacterString>Germany</gco:CharacterString>
                    </keyword>
                    <keyword>
                        <gco:CharacterString>Verwaltungsgebiete</gco:CharacterString>
                    </keyword>
                    <keyword>
                        <gco:CharacterString>Open Data</gco:CharacterString>
                    </keyword>
                    <keyword>
                        <gco:CharacterString>GeoBasis</gco:CharacterString>
                    </keyword>
                    <keyword>
                        <gco:CharacterString>Grenzen</gco:CharacterString>
                    </keyword>
                    <keyword>
                        <gco:CharacterString>boundaries</gco:CharacterString>
                    </keyword>
                    <keyword>
                        <gco:CharacterString>BKG</gco:CharacterString>
                    </keyword>
                    <keyword>
                        <gco:CharacterString>Gemeinde</gco:CharacterString>
                    </keyword>
                    <keyword>
                        <gco:CharacterString>Gemeindergrenzen</gco:CharacterString>
                    </keyword>
                    <keyword>
                        <gco:CharacterString>2021</gco:CharacterString>
                    </keyword>
                </MD_Keywords>
            </descriptiveKeywords>
            <descriptiveKeywords>
                <MD_Keywords>
                    <keyword>
                        <gco:CharacterString>VG250</gco:CharacterString>
                    </keyword>
                    <keyword>
                        <gco:CharacterString>DE</gco:CharacterString>
                    </keyword>
                    <keyword>
                        <gco:CharacterString>Deutschland</gco:CharacterString>
                    </keyword>
                    <keyword>
                        <gco:CharacterString>Germany</gco:CharacterString>
                    </keyword>
                    <keyword>
                        <gco:CharacterString>Verwaltungsgebiete</gco:CharacterString>
                    </keyword>
                    <keyword>
                        <gco:CharacterString>Open Data</gco:CharacterString>
                    </keyword>
                    <keyword>
                        <gco:CharacterString>GeoBasis</gco:CharacterString>
                    </keyword>
                    <keyword>
                        <gco:CharacterString>Grenzen</gco:CharacterString>
                    </keyword>
                    <keyword>
                        <gco:CharacterString>boundaries</gco:CharacterString>
                    </keyword>
                    <keyword>
                        <gco:CharacterString>BKG</gco:CharacterString>
                    </keyword>
                    <keyword>
                        <gco:CharacterString>Gemeinde</gco:CharacterString>
                    </keyword>
                    <keyword>
                        <gco:CharacterString>Gemeindergrenzen</gco:CharacterString>
                    </keyword>
                    <keyword>
                        <gco:CharacterString>2021</gco:CharacterString>
                    </keyword>
                </MD_Keywords>
            </descriptiveKeywords>
            <descriptiveKeywords>
                <MD_Keywords>
                    <keyword>
                        <gco:CharacterString>VG250</gco:CharacterString>
                    </keyword>
                    <keyword>
                        <gco:CharacterString>DE</gco:CharacterString>
                    </keyword>
                    <keyword>
                        <gco:CharacterString>Deutschland</gco:CharacterString>
                    </keyword>
                    <keyword>
                        <gco:CharacterString>Germany</gco:CharacterString>
                    </keyword>
                    <keyword>
                        <gco:CharacterString>Verwaltungsgebiete</gco:CharacterString>
                    </keyword>
                    <keyword>
                        <gco:CharacterString>Open Data</gco:CharacterString>
                    </keyword>
                    <keyword>
                        <gco:CharacterString>GeoBasis</gco:CharacterString>
                    </keyword>
                    <keyword>
                        <gco:CharacterString>Grenzen</gco:CharacterString>
                    </keyword>
                    <keyword>
                        <gco:CharacterString>boundaries</gco:CharacterString>
                    </keyword>
                    <keyword>
                        <gco:CharacterString>BKG</gco:CharacterString>
                    </keyword>
                    <keyword>
                        <gco:CharacterString>Gemeinde</gco:CharacterString>
                    </keyword>
                    <keyword>
                        <gco:CharacterString>Gemeindergrenzen</gco:CharacterString>
                    </keyword>
                    <keyword>
                        <gco:CharacterString>2021</gco:CharacterString>
                    </keyword>
                </MD_Keywords>
            </descriptiveKeywords>
            <descriptiveKeywords>
                <MD_Keywords>
                    <keyword>
                        <gco:CharacterString>VG250</gco:CharacterString>
                    </keyword>
                    <keyword>
                        <gco:CharacterString>DE</gco:CharacterString>
                    </keyword>
                    <keyword>
                        <gco:CharacterString>Deutschland</gco:CharacterString>
                    </keyword>
                    <keyword>
                        <gco:CharacterString>Germany</gco:CharacterString>
                    </keyword>
                    <keyword>
                        <gco:CharacterString>Verwaltungsgebiete</gco:CharacterString>
                    </keyword>
                    <keyword>
                        <gco:CharacterString>Open Data</gco:CharacterString>
                    </keyword>
                    <keyword>
                        <gco:CharacterString>GeoBasis</gco:CharacterString>
                    </keyword>
                    <keyword>
                        <gco:CharacterString>Grenzen</gco:CharacterString>
                    </keyword>
                    <keyword>
                        <gco:CharacterString>boundaries</gco:CharacterString>
                    </keyword>
                    <keyword>
                        <gco:CharacterString>BKG</gco:CharacterString>
                    </keyword>
                    <keyword>
                        <gco:CharacterString>Gemeinde</gco:CharacterString>
                    </keyword>
                    <keyword>
                        <gco:CharacterString>Gemeindergrenzen</gco:CharacterString>
                    </keyword>
                    <keyword>
                        <gco:CharacterString>2021</gco:CharacterString>
                    </keyword>
                </MD_Keywords>
            </descriptiveKeywords>
            <descriptiveKeywords>
                <MD_Keywords>
                    <keyword>
                        <gco:CharacterString>VG250</gco:CharacterString>
                    </keyword>
                    <keyword>
                        <gco:CharacterString>DE</gco:CharacterString>
                    </keyword>
                    <keyword>
                        <gco:CharacterString>Deutschland</gco:CharacterString>
                    </keyword>
                    <keyword>
                        <gco:CharacterString>Germany</gco:CharacterString>
                    </keyword>
                    <keyword>
                        <gco:CharacterString>Verwaltungsgebiete</gco:CharacterString>
                    </keyword>
                    <keyword>
                        <gco:CharacterString>Open Data</gco:CharacterString>
                    </keyword>
                    <keyword>
                        <gco:CharacterString>GeoBasis</gco:CharacterString>
                    </keyword>
                    <keyword>
                        <gco:CharacterString>Grenzen</gco:CharacterString>
                    </keyword>
                    <keyword>
                        <gco:CharacterString>boundaries</gco:CharacterString>
                    </keyword>
                    <keyword>
                        <gco:CharacterString>BKG</gco:CharacterString>
                    </keyword>
                    <keyword>
                        <gco:CharacterString>Gemeinde</gco:CharacterString>
                    </keyword>
                    <keyword>
                        <gco:CharacterString>Gemeindergrenzen</gco:CharacterString>
                    </keyword>
                    <keyword>
                        <gco:CharacterString>2021</gco:CharacterString>
                    </keyword>
                </MD_Keywords>
            </descriptiveKeywords>
            <descriptiveKeywords>
                <MD_Keywords>
                    <keyword>
                        <gco:CharacterString>VG250</gco:CharacterString>
                    </keyword>
                    <keyword>
                        <gco:CharacterString>DE</gco:CharacterString>
                    </keyword>
                    <keyword>
                        <gco:CharacterString>Deutschland</gco:CharacterString>
                    </keyword>
                    <keyword>
                        <gco:CharacterString>Germany</gco:CharacterString>
                    </keyword>
                    <keyword>
                        <gco:CharacterString>Verwaltungsgebiete</gco:CharacterString>
                    </keyword>
                    <keyword>
                        <gco:CharacterString>Open Data</gco:CharacterString>
                    </keyword>
                    <keyword>
                        <gco:CharacterString>GeoBasis</gco:CharacterString>
                    </keyword>
                    <keyword>
                        <gco:CharacterString>Grenzen</gco:CharacterString>
                    </keyword>
                    <keyword>
                        <gco:CharacterString>boundaries</gco:CharacterString>
                    </keyword>
                    <keyword>
                        <gco:CharacterString>BKG</gco:CharacterString>
                    </keyword>
                    <keyword>
                        <gco:CharacterString>Gemeinde</gco:CharacterString>
                    </keyword>
                    <keyword>
                        <gco:CharacterString>Gemeindergrenzen</gco:CharacterString>
                    </keyword>
                    <keyword>
                        <gco:CharacterString>2021</gco:CharacterString>
                    </keyword>
                </MD_Keywords>
            </descriptiveKeywords>
            <descriptiveKeywords>
                <MD_Keywords>
                    <keyword>
                        <gco:CharacterString>VG250</gco:CharacterString>
                    </keyword>
                    <keyword>
                        <gco:CharacterString>DE</gco:CharacterString>
                    </keyword>
                    <keyword>
                        <gco:CharacterString>Deutschland</gco:CharacterString>
                    </keyword>
                    <keyword>
                        <gco:CharacterString>Germany</gco:CharacterString>
                    </keyword>
                    <keyword>
                        <gco:CharacterString>Verwaltungsgebiete</gco:CharacterString>
                    </keyword>
                    <keyword>
                        <gco:CharacterString>Open Data</gco:CharacterString>
                    </keyword>
                    <keyword>
                        <gco:CharacterString>GeoBasis</gco:CharacterString>
                    </keyword>
                    <keyword>
                        <gco:CharacterString>Grenzen</gco:CharacterString>
                    </keyword>
                    <keyword>
                        <gco:CharacterString>boundaries</gco:CharacterString>
                    </keyword>
                    <keyword>
                        <gco:CharacterString>BKG</gco:CharacterString>
                    </keyword>
                    <keyword>
                        <gco:CharacterString>Gemeinde</gco:CharacterString>
                    </keyword>
                    <keyword>
                        <gco:CharacterString>Gemeindergrenzen</gco:CharacterString>
                    </keyword>
                    <keyword>
                        <gco:CharacterString>2021</gco:CharacterString>
                    </keyword>
                </MD_Keywords>
            </descriptiveKeywords>
            <descriptiveKeywords>
                <MD_Keywords>
                    <keyword>
                        <gco:CharacterString>VG250</gco:CharacterString>
                    </keyword>
                    <keyword>
                        <gco:CharacterString>DE</gco:CharacterString>
                    </keyword>
                    <keyword>
                        <gco:CharacterString>Deutschland</gco:CharacterString>
                    </keyword>
                    <keyword>
                        <gco:CharacterString>Germany</gco:CharacterString>
                    </keyword>
                    <keyword>
                        <gco:CharacterString>Verwaltungsgebiete</gco:CharacterString>
                    </keyword>
                    <keyword>
                        <gco:CharacterString>Open Data</gco:CharacterString>
                    </keyword>
                    <keyword>
                        <gco:CharacterString>GeoBasis</gco:CharacterString>
                    </keyword>
                    <keyword>
                        <gco:CharacterString>Grenzen</gco:CharacterString>
                    </keyword>
                    <keyword>
                        <gco:CharacterString>boundaries</gco:CharacterString>
                    </keyword>
                    <keyword>
                        <gco:CharacterString>BKG</gco:CharacterString>
                    </keyword>
                    <keyword>
                        <gco:CharacterString>Gemeinde</gco:CharacterString>
                    </keyword>
                    <keyword>
                        <gco:CharacterString>Gemeindergrenzen</gco:CharacterString>
                    </keyword>
                    <keyword>
                        <gco:CharacterString>2021</gco:CharacterString>
                    </keyword>
                </MD_Keywords>
            </descriptiveKeywords>
            <descriptiveKeywords>
                <MD_Keywords>
                    <keyword>
                        <gco:CharacterString>VG250</gco:CharacterString>
                    </keyword>
                    <keyword>
                        <gco:CharacterString>DE</gco:CharacterString>
                    </keyword>
                    <keyword>
                        <gco:CharacterString>Deutschland</gco:CharacterString>
                    </keyword>
                    <keyword>
                        <gco:CharacterString>Germany</gco:CharacterString>
                    </keyword>
                    <keyword>
                        <gco:CharacterString>Verwaltungsgebiete</gco:CharacterString>
                    </keyword>
                    <keyword>
                        <gco:CharacterString>Open Data</gco:CharacterString>
                    </keyword>
                    <keyword>
                        <gco:CharacterString>GeoBasis</gco:CharacterString>
                    </keyword>
                    <keyword>
                        <gco:CharacterString>Grenzen</gco:CharacterString>
                    </keyword>
                    <keyword>
                        <gco:CharacterString>boundaries</gco:CharacterString>
                    </keyword>
                    <keyword>
                        <gco:CharacterString>BKG</gco:CharacterString>
                    </keyword>
                    <keyword>
                        <gco:CharacterString>Gemeinde</gco:CharacterString>
                    </keyword>
                    <keyword>
                        <gco:CharacterString>Gemeindergrenzen</gco:CharacterString>
                    </keyword>
                    <keyword>
                        <gco:CharacterString>2021</gco:CharacterString>
                    </keyword>
                </MD_Keywords>
            </descriptiveKeywords>
            <descriptiveKeywords>
                <MD_Keywords>
                    <keyword>
                        <gco:CharacterString>VG250</gco:CharacterString>
                    </keyword>
                    <keyword>
                        <gco:CharacterString>DE</gco:CharacterString>
                    </keyword>
                    <keyword>
                        <gco:CharacterString>Deutschland</gco:CharacterString>
                    </keyword>
                    <keyword>
                        <gco:CharacterString>Germany</gco:CharacterString>
                    </keyword>
                    <keyword>
                        <gco:CharacterString>Verwaltungsgebiete</gco:CharacterString>
                    </keyword>
                    <keyword>
                        <gco:CharacterString>Open Data</gco:CharacterString>
                    </keyword>
                    <keyword>
                        <gco:CharacterString>GeoBasis</gco:CharacterString>
                    </keyword>
                    <keyword>
                        <gco:CharacterString>Grenzen</gco:CharacterString>
                    </keyword>
                    <keyword>
                        <gco:CharacterString>boundaries</gco:CharacterString>
                    </keyword>
                    <keyword>
                        <gco:CharacterString>BKG</gco:CharacterString>
                    </keyword>
                    <keyword>
                        <gco:CharacterString>Gemeinde</gco:CharacterString>
                    </keyword>
                    <keyword>
                        <gco:CharacterString>Gemeindergrenzen</gco:CharacterString>
                    </keyword>
                    <keyword>
                        <gco:CharacterString>2021</gco:CharacterString>
                    </keyword>
                </MD_Keywords>
            </descriptiveKeywords>
            <resourceConstraints>
                <MD_Constraints>
                    <useLimitation>
                        <gco:CharacterString>Die Daten sind &amp;quot;Open Data&amp;quot; und können für kommerzielle und nicht kommerzielle Zwecke gemäß des Datenlizenz Deutschland – Namensnennung – Version 2.0 verwendet werden. Insbesondere hat jeder Nutzer den Quellenvermerk zu allen Geodaten, Metadaten und Geodatendiensten erkennbar und in optischem Zusammenhang zu platzieren. Veränderungen, Bearbeitungen, neue Gestaltungen oder sonstige Abwandlungen sind mit einem Veränderungshinweis im Quellenvermerk zu versehen.Quellenvermerk:  © GeoBasis-DE / BKG 2021</gco:CharacterString>
                    </useLimitation>
                </MD_Constraints>
            </resourceConstraints>
            <language gco:nilReason="missing"/>
            <characterSet>
                <MD_CharacterSetCode codeList="http://www.isotc211.org/2005/resources/Codelist/gmxCodelists.xml#MD_CharacterSetCode" codeListValue="utf8" codeSpace="ISOTC211/19115">utf8</MD_CharacterSetCode>
            </characterSet>
        </MD_DataIdentification>
    </identificationInfo>
</MD_Metadata>
